,SHD,predicted edges,FDR
0,806,871,0.9621125143513203
1,743,768,0.9622395833333334
2,706,715,0.9622377622377623
3,1248,2500,0.9672
4,1248,2500,0.9672
5,1248,2500,0.9672
