,SHD,predicted edges,FDR
0,26,35,0.7142857142857143
1,29,38,0.7368421052631579
